filename,label
render_0000.png,colocarSoporteSup
render_0001.png,colocarSoporteSup
render_0002.png,colocarSoporteSup
render_0003.png,colocarSoporteSup
render_0004.png,colocarSoporteSup
render_0005.png,colocarSoporteSup
render_0006.png,colocarSoporteSup
render_0007.png,colocarSoporteSup
render_0008.png,colocarSoporteSup
render_0009.png,colocarSoporteSup
render_0010.png,colocarSoporteSup
render_0011.png,colocarSoporteSup
render_0012.png,colocarSoporteSup
render_0013.png,colocarSoporteSup
render_0014.png,colocarSoporteSup
render_0015.png,colocarSoporteSup
render_0016.png,colocarSoporteSup
render_0017.png,colocarSoporteSup
render_0018.png,colocarSoporteSup
render_0019.png,colocarSoporteSup
render_0020.png,colocarSoporteSup
render_0021.png,colocarSoporteSup
render_0022.png,colocarSoporteSup
render_0023.png,colocarSoporteSup
render_0024.png,colocarSoporteSup
render_0025.png,colocarSoporteSup
render_0026.png,colocarSoporteSup
render_0027.png,colocarSoporteSup
render_0028.png,colocarSoporteSup
render_0029.png,colocarSoporteSup
render_0030.png,colocarSoporteSup
render_0031.png,colocarSoporteSup
render_0032.png,colocarSoporteSup
render_0033.png,colocarSoporteSup
render_0034.png,colocarSoporteSup
render_0035.png,colocarSoporteSup
render_0036.png,colocarSoporteSup
render_0037.png,colocarSoporteSup
render_0038.png,colocarSoporteSup
render_0039.png,colocarSoporteSup
render_0040.png,colocarSoporteSup
render_0041.png,colocarSoporteSup
render_0042.png,colocarSoporteSup
render_0043.png,colocarSoporteSup
render_0044.png,colocarSoporteSup
render_0045.png,colocarSoporteSup
render_0046.png,colocarSoporteSup
render_0047.png,colocarSoporteSup
render_0048.png,colocarSoporteSup
render_0049.png,colocarSoporteSup
render_0050.png,colocarSoporteSup
render_0051.png,colocarSoporteSup
render_0052.png,colocarSoporteSup
render_0053.png,colocarSoporteSup
render_0054.png,colocarSoporteSup
render_0055.png,colocarSoporteSup
render_0056.png,colocarSoporteSup
render_0057.png,colocarSoporteSup
render_0058.png,colocarSoporteSup
render_0059.png,colocarSoporteSup
render_0060.png,colocarSoporteSup
render_0061.png,colocarSoporteSup
render_0062.png,colocarSoporteSup
render_0063.png,colocarSoporteSup
render_0064.png,colocarSoporteSup
render_0065.png,colocarSoporteSup
render_0066.png,colocarSoporteSup
render_0067.png,colocarSoporteSup
render_0068.png,colocarSoporteSup
render_0069.png,colocarSoporteSup
render_0070.png,colocarSoporteSup
render_0071.png,colocarSoporteSup
render_0072.png,colocarSoporteSup
render_0073.png,colocarSoporteSup
render_0074.png,colocarSoporteSup
render_0075.png,colocarSoporteSup
render_0076.png,colocarSoporteSup
render_0077.png,colocarSoporteSup
render_0078.png,colocarSoporteSup
render_0079.png,colocarSoporteSup
render_0080.png,colocarSoporteSup
render_0081.png,colocarSoporteSup
render_0082.png,colocarSoporteSup
render_0083.png,colocarSoporteSup
render_0084.png,colocarSoporteSup
render_0085.png,colocarSoporteSup
render_0086.png,colocarSoporteSup
render_0087.png,colocarSoporteSup
render_0088.png,colocarSoporteSup
render_0089.png,colocarSoporteSup
render_0090.png,colocarSoporteSup
render_0091.png,colocarSoporteSup
render_0092.png,colocarSoporteSup
render_0093.png,colocarSoporteSup
render_0094.png,colocarSoporteSup
render_0095.png,colocarSoporteSup
render_0096.png,colocarSoporteSup
render_0097.png,colocarSoporteSup
render_0098.png,colocarSoporteSup
render_0099.png,colocarSoporteSup
render_0100.png,colocarSoporteSup
render_0101.png,colocarSoporteSup
render_0102.png,colocarSoporteSup
render_0103.png,colocarSoporteSup
render_0104.png,colocarSoporteSup
render_0105.png,colocarSoporteSup
render_0106.png,colocarSoporteSup
render_0107.png,colocarSoporteSup
render_0108.png,colocarSoporteSup
render_0109.png,colocarSoporteSup
render_0110.png,colocarSoporteSup
render_0111.png,colocarSoporteSup
render_0112.png,colocarSoporteSup
render_0113.png,colocarSoporteSup
render_0114.png,colocarSoporteSup
render_0115.png,colocarSoporteSup
render_0116.png,colocarSoporteSup
render_0117.png,colocarSoporteSup
render_0118.png,colocarSoporteSup
render_0119.png,colocarSoporteSup
render_0120.png,colocarSoporteSup
render_0121.png,colocarSoporteSup
render_0122.png,colocarSoporteSup
render_0123.png,colocarSoporteSup
render_0124.png,colocarSoporteSup
render_0125.png,colocarSoporteSup
render_0126.png,colocarSoporteSup
render_0127.png,colocarSoporteSup
render_0128.png,colocarSoporteSup
render_0129.png,colocarSoporteSup
render_0130.png,colocarSoporteSup
render_0131.png,colocarSoporteSup
render_0132.png,colocarSoporteSup
render_0133.png,colocarSoporteSup
render_0134.png,colocarSoporteSup
render_0135.png,colocarSoporteSup
render_0136.png,colocarSoporteSup
render_0137.png,colocarSoporteSup
render_0138.png,colocarSoporteSup
render_0139.png,colocarSoporteSup
render_0140.png,colocarSoporteSup
render_0141.png,colocarSoporteSup
render_0142.png,colocarSoporteSup
render_0143.png,colocarSoporteSup
render_0144.png,colocarSoporteSup
render_0145.png,colocarSoporteSup
render_0146.png,colocarSoporteSup
render_0147.png,colocarSoporteSup
render_0148.png,colocarSoporteSup
render_0149.png,colocarSoporteSup
render_0150.png,colocarSoporteSup
render_0151.png,colocarSoporteSup
render_0152.png,colocarSoporteSup
render_0153.png,colocarSoporteSup
render_0154.png,colocarSoporteSup
render_0155.png,colocarSoporteSup
render_0156.png,colocarSoporteSup
render_0157.png,colocarSoporteSup
render_0158.png,colocarSoporteSup
render_0159.png,colocarSoporteSup
render_0160.png,colocarSoporteSup
render_0161.png,colocarSoporteSup
render_0162.png,colocarSoporteSup
render_0163.png,colocarSoporteSup
render_0164.png,colocarSoporteSup
render_0165.png,colocarSoporteSup
render_0166.png,colocarSoporteSup
render_0167.png,colocarSoporteSup
render_0168.png,colocarSoporteSup
render_0169.png,colocarSoporteSup
render_0170.png,colocarSoporteSup
render_0171.png,colocarSoporteSup
render_0172.png,colocarSoporteSup
render_0173.png,colocarSoporteSup
render_0174.png,colocarSoporteSup
render_0175.png,colocarSoporteSup
render_0176.png,colocarSoporteSup
render_0177.png,colocarSoporteSup
render_0178.png,colocarSoporteSup
render_0179.png,colocarSoporteSup
render_0180.png,colocarSoporteSup
render_0181.png,colocarSoporteSup
render_0182.png,colocarSoporteSup
render_0183.png,colocarSoporteSup
render_0184.png,colocarSoporteSup
render_0185.png,colocarSoporteSup
render_0186.png,colocarSoporteSup
render_0187.png,colocarSoporteSup
render_0188.png,colocarSoporteSup
render_0189.png,colocarSoporteSup
render_0190.png,colocarSoporteSup
render_0191.png,colocarSoporteSup
render_0192.png,colocarSoporteSup
render_0193.png,colocarSoporteSup
render_0194.png,colocarSoporteSup
render_0195.png,colocarSoporteSup
render_0196.png,colocarSoporteSup
render_0197.png,colocarSoporteSup
render_0198.png,colocarSoporteSup
render_0199.png,colocarSoporteSup
render_0200.png,colocarSoporteSup
render_0201.png,colocarSoporteSup
render_0202.png,colocarSoporteSup
render_0203.png,colocarSoporteSup
render_0204.png,colocarSoporteSup
render_0205.png,colocarSoporteSup
render_0206.png,colocarSoporteSup
render_0207.png,colocarSoporteSup
render_0208.png,colocarSoporteSup
render_0209.png,colocarSoporteSup
render_0210.png,colocarSoporteSup
render_0211.png,colocarSoporteSup
render_0212.png,colocarSoporteSup
render_0213.png,colocarSoporteSup
render_0214.png,colocarSoporteSup
render_0215.png,colocarSoporteSup
render_0216.png,colocarSoporteSup
render_0217.png,colocarSoporteSup
render_0218.png,colocarSoporteSup
render_0219.png,colocarSoporteSup
render_0220.png,colocarSoporteSup
render_0221.png,colocarSoporteSup
render_0222.png,colocarSoporteSup
render_0223.png,colocarSoporteSup
render_0224.png,colocarSoporteSup
render_0225.png,colocarSoporteSup
render_0226.png,colocarSoporteSup
render_0227.png,colocarSoporteSup
render_0228.png,colocarSoporteSup
render_0229.png,colocarSoporteSup
render_0230.png,colocarSoporteSup
render_0231.png,colocarSoporteSup
render_0232.png,colocarSoporteSup
render_0233.png,colocarSoporteSup
render_0234.png,colocarSoporteSup
render_0235.png,colocarSoporteSup
render_0236.png,colocarSoporteSup
render_0237.png,colocarSoporteSup
render_0238.png,colocarSoporteSup
render_0239.png,colocarSoporteSup
render_0240.png,colocarSoporteSup
render_0241.png,colocarSoporteSup
render_0242.png,colocarSoporteSup
render_0243.png,colocarSoporteSup
render_0244.png,colocarSoporteSup
render_0245.png,colocarSoporteSup
render_0246.png,colocarSoporteSup
render_0247.png,colocarSoporteSup
render_0248.png,colocarSoporteSup
render_0249.png,colocarSoporteSup
render_0250.png,colocarSoporteSup
render_0251.png,colocarSoporteSup
render_0252.png,colocarSoporteSup
render_0253.png,colocarSoporteSup
render_0254.png,colocarSoporteSup
render_0255.png,colocarSoporteSup
render_0256.png,colocarSoporteSup
render_0257.png,colocarSoporteSup
render_0258.png,colocarSoporteSup
render_0259.png,colocarSoporteSup
render_0260.png,colocarSoporteSup
render_0261.png,colocarSoporteSup
render_0262.png,colocarSoporteSup
render_0263.png,colocarSoporteSup
render_0264.png,colocarSoporteSup
render_0265.png,colocarSoporteSup
render_0266.png,colocarSoporteSup
render_0267.png,colocarSoporteSup
render_0268.png,colocarSoporteSup
render_0269.png,colocarSoporteSup
render_0270.png,colocarSoporteSup
render_0271.png,colocarSoporteSup
render_0272.png,colocarSoporteSup
render_0273.png,colocarSoporteSup
render_0274.png,colocarSoporteSup
render_0275.png,colocarSoporteSup
render_0276.png,colocarSoporteSup
render_0277.png,colocarSoporteSup
render_0278.png,colocarSoporteSup
render_0279.png,colocarSoporteSup
render_0280.png,colocarSoporteSup
render_0281.png,colocarSoporteSup
render_0282.png,colocarSoporteSup
render_0283.png,colocarSoporteSup
render_0284.png,colocarSoporteSup
render_0285.png,colocarSoporteSup
render_0286.png,colocarSoporteSup
render_0287.png,colocarSoporteSup
render_0288.png,colocarSoporteSup
render_0289.png,colocarSoporteSup
render_0290.png,colocarSoporteSup
render_0291.png,colocarSoporteSup
render_0292.png,colocarSoporteSup
render_0293.png,colocarSoporteSup
render_0294.png,colocarSoporteSup
render_0295.png,colocarSoporteSup
render_0296.png,colocarSoporteSup
render_0297.png,colocarSoporteSup
render_0298.png,colocarSoporteSup
render_0299.png,colocarSoporteSup
render_0300.png,colocarSoporteSup
render_0301.png,colocarSoporteSup
render_0302.png,colocarSoporteSup
render_0303.png,colocarSoporteSup
render_0304.png,colocarSoporteSup
render_0305.png,colocarSoporteSup
render_0306.png,colocarSoporteSup
render_0307.png,colocarSoporteSup
render_0308.png,colocarSoporteSup
render_0309.png,colocarSoporteSup
render_0310.png,colocarSoporteSup
render_0311.png,colocarSoporteSup
render_0312.png,colocarSoporteSup
render_0313.png,colocarSoporteSup
render_0314.png,colocarSoporteSup
render_0315.png,colocarSoporteSup
render_0316.png,colocarSoporteSup
render_0317.png,colocarSoporteSup
render_0318.png,colocarSoporteSup
render_0319.png,colocarSoporteSup
render_0320.png,colocarSoporteSup
render_0321.png,colocarSoporteSup
render_0322.png,colocarSoporteSup
render_0323.png,colocarSoporteSup
render_0324.png,colocarSoporteSup
render_0325.png,colocarSoporteSup
render_0326.png,colocarSoporteSup
render_0327.png,colocarSoporteSup
render_0328.png,colocarSoporteSup
render_0329.png,colocarSoporteSup
render_0330.png,colocarSoporteSup
render_0331.png,colocarSoporteSup
render_0332.png,colocarSoporteSup
render_0333.png,colocarSoporteSup
render_0334.png,colocarSoporteSup
render_0335.png,colocarSoporteSup
render_0336.png,colocarSoporteSup
render_0337.png,colocarSoporteSup
render_0338.png,colocarSoporteSup
render_0339.png,colocarSoporteSup
render_0340.png,colocarSoporteSup
render_0341.png,colocarSoporteSup
render_0342.png,colocarSoporteSup
render_0343.png,colocarSoporteSup
render_0344.png,colocarSoporteSup
render_0345.png,colocarSoporteSup
render_0346.png,colocarSoporteSup
render_0347.png,colocarSoporteSup
render_0348.png,colocarSoporteSup
render_0349.png,colocarSoporteSup
render_0350.png,colocarSoporteSup
render_0351.png,colocarSoporteSup
render_0352.png,colocarSoporteSup
render_0353.png,colocarSoporteSup
render_0354.png,colocarSoporteSup
render_0355.png,colocarSoporteSup
render_0356.png,colocarSoporteSup
render_0357.png,colocarSoporteSup
render_0358.png,colocarSoporteSup
render_0359.png,colocarSoporteSup
render_0360.png,colocarSoporteSup
render_0361.png,colocarSoporteSup
render_0362.png,colocarSoporteSup
render_0363.png,colocarSoporteSup
render_0364.png,colocarSoporteSup
render_0365.png,colocarSoporteSup
render_0366.png,colocarSoporteSup
render_0367.png,colocarSoporteSup
render_0368.png,colocarSoporteSup
render_0369.png,colocarSoporteSup
render_0370.png,colocarSoporteSup
render_0371.png,colocarSoporteSup
render_0372.png,colocarSoporteSup
render_0373.png,colocarSoporteSup
render_0374.png,colocarSoporteSup
render_0375.png,colocarSoporteSup
render_0376.png,colocarSoporteSup
render_0377.png,colocarSoporteSup
render_0378.png,colocarSoporteSup
render_0379.png,colocarSoporteSup
render_0380.png,colocarSoporteSup
render_0381.png,colocarSoporteSup
render_0382.png,colocarSoporteSup
render_0383.png,colocarSoporteSup
render_0384.png,colocarSoporteSup
render_0385.png,colocarSoporteSup
render_0386.png,colocarSoporteSup
render_0387.png,colocarSoporteSup
render_0388.png,colocarSoporteSup
render_0389.png,colocarSoporteSup
render_0390.png,colocarSoporteSup
render_0391.png,colocarSoporteSup
render_0392.png,colocarSoporteSup
render_0393.png,colocarSoporteSup
render_0394.png,colocarSoporteSup
render_0395.png,colocarSoporteSup
render_0396.png,colocarSoporteSup
render_0397.png,colocarSoporteSup
render_0398.png,colocarSoporteSup
render_0399.png,colocarSoporteSup
render_0400.png,colocarSoporteSup
render_0401.png,colocarSoporteSup
render_0402.png,colocarSoporteSup
render_0403.png,colocarSoporteSup
render_0404.png,colocarSoporteSup
render_0405.png,colocarSoporteSup
render_0406.png,colocarSoporteSup
render_0407.png,colocarSoporteSup
render_0408.png,colocarSoporteSup
render_0409.png,colocarSoporteSup
render_0410.png,colocarSoporteSup
render_0411.png,colocarSoporteSup
render_0412.png,colocarSoporteSup
render_0413.png,colocarSoporteSup
render_0414.png,colocarSoporteSup
render_0415.png,colocarSoporteSup
render_0416.png,colocarSoporteSup
render_0417.png,colocarSoporteSup
render_0418.png,colocarSoporteSup
render_0419.png,colocarSoporteSup
render_0420.png,colocarSoporteSup
render_0421.png,colocarSoporteSup
render_0422.png,colocarSoporteSup
render_0423.png,colocarSoporteSup
render_0424.png,colocarSoporteSup
render_0425.png,colocarSoporteSup
render_0426.png,colocarSoporteSup
render_0427.png,colocarSoporteSup
render_0428.png,colocarSoporteSup
render_0429.png,colocarSoporteSup
render_0430.png,colocarSoporteSup
render_0431.png,colocarSoporteSup
render_0432.png,colocarSoporteSup
render_0433.png,colocarSoporteSup
render_0434.png,colocarSoporteSup
render_0435.png,colocarSoporteSup
render_0436.png,colocarSoporteSup
render_0437.png,colocarSoporteSup
render_0438.png,colocarSoporteSup
render_0439.png,colocarSoporteSup
render_0440.png,colocarSoporteSup
render_0441.png,colocarSoporteSup
render_0442.png,colocarSoporteSup
render_0443.png,colocarSoporteSup
render_0444.png,colocarSoporteSup
render_0445.png,colocarSoporteSup
render_0446.png,colocarSoporteSup
render_0447.png,colocarSoporteSup
render_0448.png,colocarSoporteSup
render_0449.png,colocarSoporteSup
render_0450.png,colocarSoporteSup
render_0451.png,colocarSoporteSup
render_0452.png,colocarSoporteSup
render_0453.png,colocarSoporteSup
render_0454.png,colocarSoporteSup
render_0455.png,colocarSoporteSup
render_0456.png,colocarSoporteSup
render_0457.png,colocarSoporteSup
render_0458.png,colocarSoporteSup
render_0459.png,colocarSoporteSup
render_0460.png,colocarSoporteSup
render_0461.png,colocarSoporteSup
render_0462.png,colocarSoporteSup
render_0463.png,colocarSoporteSup
render_0464.png,colocarSoporteSup
render_0465.png,colocarSoporteSup
render_0466.png,colocarSoporteSup
render_0467.png,colocarSoporteSup
render_0468.png,colocarSoporteSup
render_0469.png,colocarSoporteSup
render_0470.png,colocarSoporteSup
render_0471.png,colocarSoporteSup
render_0472.png,colocarSoporteSup
render_0473.png,colocarSoporteSup
render_0474.png,colocarSoporteSup
render_0475.png,colocarSoporteSup
render_0476.png,colocarSoporteSup
render_0477.png,colocarSoporteSup
render_0478.png,colocarSoporteSup
render_0479.png,colocarSoporteSup
render_0480.png,colocarSoporteSup
render_0481.png,colocarSoporteSup
render_0482.png,colocarSoporteSup
render_0483.png,colocarSoporteSup
render_0484.png,colocarSoporteSup
render_0485.png,colocarSoporteSup
render_0486.png,colocarSoporteSup
render_0487.png,colocarSoporteSup
render_0488.png,colocarSoporteSup
render_0489.png,colocarSoporteSup
render_0490.png,colocarSoporteSup
render_0491.png,colocarSoporteSup
render_0492.png,colocarSoporteSup
render_0493.png,colocarSoporteSup
render_0494.png,colocarSoporteSup
render_0495.png,colocarSoporteSup
render_0496.png,colocarSoporteSup
render_0497.png,colocarSoporteSup
render_0498.png,colocarSoporteSup
render_0499.png,colocarSoporteSup
render_0500.png,colocarSoporteSup
render_0501.png,colocarSoporteSup
render_0502.png,colocarSoporteSup
render_0503.png,colocarSoporteSup
render_0504.png,colocarSoporteSup
render_0505.png,colocarSoporteSup
render_0506.png,colocarSoporteSup
render_0507.png,colocarSoporteSup
render_0508.png,colocarSoporteSup
render_0509.png,colocarSoporteSup
render_0510.png,colocarSoporteSup
render_0511.png,colocarSoporteSup
render_0512.png,colocarSoporteSup
render_0513.png,colocarSoporteSup
render_0514.png,colocarSoporteSup
render_0515.png,colocarSoporteSup
render_0516.png,colocarSoporteSup
render_0517.png,colocarSoporteSup
render_0518.png,colocarSoporteSup
render_0519.png,colocarSoporteSup
render_0520.png,colocarSoporteSup
render_0521.png,colocarSoporteSup
render_0522.png,colocarSoporteSup
render_0523.png,colocarSoporteSup
render_0524.png,colocarSoporteSup
render_0525.png,colocarSoporteSup
render_0526.png,colocarSoporteSup
render_0527.png,colocarSoporteSup
render_0528.png,colocarSoporteSup
render_0529.png,colocarSoporteSup
render_0530.png,colocarSoporteSup
render_0531.png,colocarSoporteSup
render_0532.png,colocarSoporteSup
render_0533.png,colocarSoporteSup
render_0534.png,colocarSoporteSup
render_0535.png,colocarSoporteSup
render_0536.png,colocarSoporteSup
render_0537.png,colocarSoporteSup
render_0538.png,colocarSoporteSup
render_0539.png,colocarSoporteSup
render_0540.png,colocarSoporteSup
render_0541.png,colocarSoporteSup
render_0542.png,colocarSoporteSup
render_0543.png,colocarSoporteSup
render_0544.png,colocarSoporteSup
render_0545.png,colocarSoporteSup
render_0546.png,colocarSoporteSup
render_0547.png,colocarSoporteSup
render_0548.png,colocarSoporteSup
render_0549.png,colocarSoporteSup
render_0550.png,colocarSoporteSup
render_0551.png,colocarSoporteSup
render_0552.png,colocarSoporteSup
render_0553.png,colocarSoporteSup
render_0554.png,colocarSoporteSup
render_0555.png,colocarSoporteSup
render_0556.png,colocarSoporteSup
render_0557.png,colocarSoporteSup
render_0558.png,colocarSoporteSup
render_0559.png,colocarSoporteSup
render_0560.png,colocarSoporteSup
render_0561.png,colocarSoporteSup
render_0562.png,colocarSoporteSup
render_0563.png,colocarSoporteSup
render_0564.png,colocarSoporteSup
render_0565.png,colocarSoporteSup
render_0566.png,colocarSoporteSup
render_0567.png,colocarSoporteSup
render_0568.png,colocarSoporteSup
render_0569.png,colocarSoporteSup
render_0570.png,colocarSoporteSup
render_0571.png,colocarSoporteSup
render_0572.png,colocarSoporteSup
render_0573.png,colocarSoporteSup
render_0574.png,colocarSoporteSup
render_0575.png,colocarSoporteSup
render_0576.png,colocarSoporteSup
render_0577.png,colocarSoporteSup
render_0578.png,colocarSoporteSup
render_0579.png,colocarSoporteSup
render_0580.png,colocarSoporteSup
render_0581.png,colocarSoporteSup
render_0582.png,colocarSoporteSup
render_0583.png,colocarSoporteSup
render_0584.png,colocarSoporteSup
render_0585.png,colocarSoporteSup
render_0586.png,colocarSoporteSup
render_0587.png,colocarSoporteSup
render_0588.png,colocarSoporteSup
render_0589.png,colocarSoporteSup
render_0590.png,colocarSoporteSup
render_0591.png,colocarSoporteSup
render_0592.png,colocarSoporteSup
render_0593.png,colocarSoporteSup
render_0594.png,colocarSoporteSup
render_0595.png,colocarSoporteSup
render_0596.png,colocarSoporteSup
render_0597.png,colocarSoporteSup
render_0598.png,colocarSoporteSup
render_0599.png,colocarSoporteSup
render_0600.png,colocarSoporteSup
render_0601.png,colocarSoporteSup
render_0602.png,colocarSoporteSup
render_0603.png,colocarSoporteSup
render_0604.png,colocarSoporteSup
render_0605.png,colocarSoporteSup
render_0606.png,colocarSoporteSup
render_0607.png,colocarSoporteSup
render_0608.png,colocarSoporteSup
render_0609.png,colocarSoporteSup
render_0610.png,colocarSoporteSup
render_0611.png,colocarSoporteSup
render_0612.png,colocarSoporteSup
render_0613.png,colocarSoporteSup
render_0614.png,colocarSoporteSup
render_0615.png,colocarSoporteSup
render_0616.png,colocarSoporteSup
render_0617.png,colocarSoporteSup
render_0618.png,colocarSoporteSup
render_0619.png,colocarSoporteSup
render_0620.png,colocarSoporteSup
render_0621.png,colocarSoporteSup
render_0622.png,colocarSoporteSup
render_0623.png,colocarSoporteSup
render_0624.png,colocarSoporteSup
render_0625.png,colocarSoporteSup
render_0626.png,colocarSoporteSup
render_0627.png,colocarSoporteSup
render_0628.png,colocarSoporteSup
render_0629.png,colocarSoporteSup
render_0630.png,colocarSoporteSup
render_0631.png,colocarSoporteSup
render_0632.png,colocarSoporteSup
render_0633.png,colocarSoporteSup
render_0634.png,colocarSoporteSup
render_0635.png,colocarSoporteSup
render_0636.png,colocarSoporteSup
render_0637.png,colocarSoporteSup
render_0638.png,colocarSoporteSup
render_0639.png,colocarSoporteSup
render_0640.png,colocarSoporteSup
render_0641.png,colocarSoporteSup
render_0642.png,colocarSoporteSup
render_0643.png,colocarSoporteSup
render_0644.png,colocarSoporteSup
render_0645.png,colocarSoporteSup
render_0646.png,colocarSoporteSup
render_0647.png,colocarSoporteSup
render_0648.png,colocarSoporteSup
render_0649.png,colocarSoporteSup
render_0650.png,colocarSoporteSup
render_0651.png,colocarSoporteSup
render_0652.png,colocarSoporteSup
render_0653.png,colocarSoporteSup
render_0654.png,colocarSoporteSup
render_0655.png,colocarSoporteSup
render_0656.png,colocarSoporteSup
render_0657.png,colocarSoporteSup
render_0658.png,colocarSoporteSup
render_0659.png,colocarSoporteSup
render_0660.png,colocarSoporteSup
render_0661.png,colocarSoporteSup
render_0662.png,colocarSoporteSup
render_0663.png,colocarSoporteSup
render_0664.png,colocarSoporteSup
render_0665.png,colocarSoporteSup
render_0666.png,colocarSoporteSup
render_0667.png,colocarSoporteSup
render_0668.png,colocarSoporteSup
render_0669.png,colocarSoporteSup
render_0670.png,colocarSoporteSup
render_0671.png,colocarSoporteSup
render_0672.png,colocarSoporteSup
render_0673.png,colocarSoporteSup
render_0674.png,colocarSoporteSup
render_0675.png,colocarSoporteSup
render_0676.png,colocarSoporteSup
render_0677.png,colocarSoporteSup
render_0678.png,colocarSoporteSup
render_0679.png,colocarSoporteSup
render_0680.png,colocarSoporteSup
render_0681.png,colocarSoporteSup
render_0682.png,colocarSoporteSup
render_0683.png,colocarSoporteSup
render_0684.png,colocarSoporteSup
render_0685.png,colocarSoporteSup
render_0686.png,colocarSoporteSup
render_0687.png,colocarSoporteSup
render_0688.png,colocarSoporteSup
render_0689.png,colocarSoporteSup
render_0690.png,colocarSoporteSup
render_0691.png,colocarSoporteSup
render_0692.png,colocarSoporteSup
render_0693.png,colocarSoporteSup
render_0694.png,colocarSoporteSup
render_0695.png,colocarSoporteSup
render_0696.png,colocarSoporteSup
render_0697.png,colocarSoporteSup
render_0698.png,colocarSoporteSup
render_0699.png,colocarSoporteSup
render_0700.png,colocarSoporteSup
render_0701.png,colocarSoporteSup
render_0702.png,colocarSoporteSup
render_0703.png,colocarSoporteSup
render_0704.png,colocarSoporteSup
render_0705.png,colocarSoporteSup
render_0706.png,colocarSoporteSup
render_0707.png,colocarSoporteSup
render_0708.png,colocarSoporteSup
render_0709.png,colocarSoporteSup
render_0710.png,colocarSoporteSup
render_0711.png,colocarSoporteSup
render_0712.png,colocarSoporteSup
render_0713.png,colocarSoporteSup
render_0714.png,colocarSoporteSup
render_0715.png,colocarSoporteSup
render_0716.png,colocarSoporteSup
render_0717.png,colocarSoporteSup
render_0718.png,colocarSoporteSup
render_0719.png,colocarSoporteSup
render_0720.png,colocarSoporteSup
render_0721.png,colocarSoporteSup
render_0722.png,colocarSoporteSup
render_0723.png,colocarSoporteSup
render_0724.png,colocarSoporteSup
render_0725.png,colocarSoporteSup
render_0726.png,colocarSoporteSup
render_0727.png,colocarSoporteSup
render_0728.png,colocarSoporteSup
render_0729.png,colocarSoporteSup
render_0730.png,colocarSoporteSup
render_0731.png,colocarSoporteSup
render_0732.png,colocarSoporteSup
render_0733.png,colocarSoporteSup
render_0734.png,colocarSoporteSup
render_0735.png,colocarSoporteSup
render_0736.png,colocarSoporteSup
render_0737.png,colocarSoporteSup
render_0738.png,colocarSoporteSup
render_0739.png,colocarSoporteSup
render_0740.png,colocarSoporteSup
render_0741.png,colocarSoporteSup
render_0742.png,colocarSoporteSup
render_0743.png,colocarSoporteSup
render_0744.png,colocarSoporteSup
render_0745.png,colocarSoporteSup
render_0746.png,colocarSoporteSup
render_0747.png,colocarSoporteSup
render_0748.png,colocarSoporteSup
render_0749.png,colocarSoporteSup
render_0750.png,colocarSoporteSup
render_0751.png,colocarSoporteSup
render_0752.png,colocarSoporteSup
render_0753.png,colocarSoporteSup
render_0754.png,colocarSoporteSup
render_0755.png,colocarSoporteSup
render_0756.png,colocarSoporteSup
render_0757.png,colocarSoporteSup
render_0758.png,colocarSoporteSup
render_0759.png,colocarSoporteSup
render_0760.png,colocarSoporteSup
render_0761.png,colocarSoporteSup
render_0762.png,colocarSoporteSup
render_0763.png,colocarSoporteSup
render_0764.png,colocarSoporteSup
render_0765.png,colocarSoporteSup
render_0766.png,colocarSoporteSup
render_0767.png,colocarSoporteSup
render_0768.png,colocarSoporteSup
render_0769.png,colocarSoporteSup
render_0770.png,colocarSoporteSup
render_0771.png,colocarSoporteSup
render_0772.png,colocarSoporteSup
render_0773.png,colocarSoporteSup
render_0774.png,colocarSoporteSup
render_0775.png,colocarSoporteSup
render_0776.png,colocarSoporteSup
render_0777.png,colocarSoporteSup
render_0778.png,colocarSoporteSup
render_0779.png,colocarSoporteSup
render_0780.png,colocarSoporteSup
render_0781.png,colocarSoporteSup
render_0782.png,colocarSoporteSup
render_0783.png,colocarSoporteSup
render_0784.png,colocarSoporteSup
render_0785.png,colocarSoporteSup
render_0786.png,colocarSoporteSup
render_0787.png,colocarSoporteSup
render_0788.png,colocarSoporteSup
render_0789.png,colocarSoporteSup
render_0790.png,colocarSoporteSup
render_0791.png,colocarSoporteSup
render_0792.png,colocarSoporteSup
render_0793.png,colocarSoporteSup
render_0794.png,colocarSoporteSup
render_0795.png,colocarSoporteSup
render_0796.png,colocarSoporteSup
render_0797.png,colocarSoporteSup
render_0798.png,colocarSoporteSup
render_0799.png,colocarSoporteSup
render_0800.png,colocarSoporteSup
render_0801.png,colocarSoporteSup
render_0802.png,colocarSoporteSup
render_0803.png,colocarSoporteSup
render_0804.png,colocarSoporteSup
render_0805.png,colocarSoporteSup
render_0806.png,colocarSoporteSup
render_0807.png,colocarSoporteSup
render_0808.png,colocarSoporteSup
render_0809.png,colocarSoporteSup
render_0810.png,colocarSoporteSup
render_0811.png,colocarSoporteSup
render_0812.png,colocarSoporteSup
render_0813.png,colocarSoporteSup
render_0814.png,colocarSoporteSup
render_0815.png,colocarSoporteSup
render_0816.png,colocarSoporteSup
render_0817.png,colocarSoporteSup
render_0818.png,colocarSoporteSup
render_0819.png,colocarSoporteSup
render_0820.png,colocarSoporteSup
render_0821.png,colocarSoporteSup
render_0822.png,colocarSoporteSup
render_0823.png,colocarSoporteSup
render_0824.png,colocarSoporteSup
render_0825.png,colocarSoporteSup
render_0826.png,colocarSoporteSup
render_0827.png,colocarSoporteSup
render_0828.png,colocarSoporteSup
render_0829.png,colocarSoporteSup
render_0830.png,colocarSoporteSup
render_0831.png,colocarSoporteSup
render_0832.png,colocarSoporteSup
render_0833.png,colocarSoporteSup
render_0834.png,colocarSoporteSup
render_0835.png,colocarSoporteSup
render_0836.png,colocarSoporteSup
render_0837.png,colocarSoporteSup
render_0838.png,colocarSoporteSup
render_0839.png,colocarSoporteSup
render_0840.png,colocarSoporteSup
render_0841.png,colocarSoporteSup
render_0842.png,colocarSoporteSup
render_0843.png,colocarSoporteSup
render_0844.png,colocarSoporteSup
render_0845.png,colocarSoporteSup
render_0846.png,colocarSoporteSup
render_0847.png,colocarSoporteSup
render_0848.png,colocarSoporteSup
render_0849.png,colocarSoporteSup
render_0850.png,colocarSoporteSup
render_0851.png,colocarSoporteSup
render_0852.png,colocarSoporteSup
render_0853.png,colocarSoporteSup
render_0854.png,colocarSoporteSup
render_0855.png,colocarSoporteSup
render_0856.png,colocarSoporteSup
render_0857.png,colocarSoporteSup
render_0858.png,colocarSoporteSup
render_0859.png,colocarSoporteSup
render_0860.png,colocarSoporteSup
render_0861.png,colocarSoporteSup
render_0862.png,colocarSoporteSup
render_0863.png,colocarSoporteSup
render_0864.png,colocarSoporteSup
render_0865.png,colocarSoporteSup
render_0866.png,colocarSoporteSup
render_0867.png,colocarSoporteSup
render_0868.png,colocarSoporteSup
render_0869.png,colocarSoporteSup
render_0870.png,colocarSoporteSup
render_0871.png,colocarSoporteSup
render_0872.png,colocarSoporteSup
render_0873.png,colocarSoporteSup
render_0874.png,colocarSoporteSup
render_0875.png,colocarSoporteSup
render_0876.png,colocarSoporteSup
render_0877.png,colocarSoporteSup
render_0878.png,colocarSoporteSup
render_0879.png,colocarSoporteSup
render_0880.png,colocarSoporteSup
render_0881.png,colocarSoporteSup
render_0882.png,colocarSoporteSup
render_0883.png,colocarSoporteSup
render_0884.png,colocarSoporteSup
render_0885.png,colocarSoporteSup
render_0886.png,colocarSoporteSup
render_0887.png,colocarSoporteSup
render_0888.png,colocarSoporteSup
render_0889.png,colocarSoporteSup
render_0890.png,colocarSoporteSup
render_0891.png,colocarSoporteSup
render_0892.png,colocarSoporteSup
render_0893.png,colocarSoporteSup
render_0894.png,colocarSoporteSup
render_0895.png,colocarSoporteSup
render_0896.png,colocarSoporteSup
render_0897.png,colocarSoporteSup
render_0898.png,colocarSoporteSup
render_0899.png,colocarSoporteSup
render_0900.png,colocarSoporteSup
render_0901.png,colocarSoporteSup
render_0902.png,colocarSoporteSup
render_0903.png,colocarSoporteSup
render_0904.png,colocarSoporteSup
render_0905.png,colocarSoporteSup
render_0906.png,colocarSoporteSup
render_0907.png,colocarSoporteSup
render_0908.png,colocarSoporteSup
render_0909.png,colocarSoporteSup
render_0910.png,colocarSoporteSup
render_0911.png,colocarSoporteSup
render_0912.png,colocarSoporteSup
render_0913.png,colocarSoporteSup
render_0914.png,colocarSoporteSup
render_0915.png,colocarSoporteSup
render_0916.png,colocarSoporteSup
render_0917.png,colocarSoporteSup
render_0918.png,colocarSoporteSup
render_0919.png,colocarSoporteSup
render_0920.png,colocarSoporteSup
render_0921.png,colocarSoporteSup
render_0922.png,colocarSoporteSup
render_0923.png,colocarSoporteSup
render_0924.png,colocarSoporteSup
render_0925.png,colocarSoporteSup
render_0926.png,colocarSoporteSup
render_0927.png,colocarSoporteSup
render_0928.png,colocarSoporteSup
render_0929.png,colocarSoporteSup
render_0930.png,colocarSoporteSup
render_0931.png,colocarSoporteSup
render_0932.png,colocarSoporteSup
render_0933.png,colocarSoporteSup
render_0934.png,colocarSoporteSup
render_0935.png,colocarSoporteSup
render_0936.png,colocarSoporteSup
render_0937.png,colocarSoporteSup
render_0938.png,colocarSoporteSup
render_0939.png,colocarSoporteSup
render_0940.png,colocarSoporteSup
render_0941.png,colocarSoporteSup
render_0942.png,colocarSoporteSup
render_0943.png,colocarSoporteSup
render_0944.png,colocarSoporteSup
render_0945.png,colocarSoporteSup
render_0946.png,colocarSoporteSup
render_0947.png,colocarSoporteSup
render_0948.png,colocarSoporteSup
render_0949.png,colocarSoporteSup
render_0950.png,colocarSoporteSup
render_0951.png,colocarSoporteSup
render_0952.png,colocarSoporteSup
render_0953.png,colocarSoporteSup
render_0954.png,colocarSoporteSup
render_0955.png,colocarSoporteSup
render_0956.png,colocarSoporteSup
render_0957.png,colocarSoporteSup
render_0958.png,colocarSoporteSup
render_0959.png,colocarSoporteSup
render_0960.png,colocarSoporteSup
render_0961.png,colocarSoporteSup
render_0962.png,colocarSoporteSup
render_0963.png,colocarSoporteSup
render_0964.png,colocarSoporteSup
render_0965.png,colocarSoporteSup
render_0966.png,colocarSoporteSup
render_0967.png,colocarSoporteSup
render_0968.png,colocarSoporteSup
render_0969.png,colocarSoporteSup
render_0970.png,colocarSoporteSup
render_0971.png,colocarSoporteSup
render_0972.png,colocarSoporteSup
render_0973.png,colocarSoporteSup
render_0974.png,colocarSoporteSup
render_0975.png,colocarSoporteSup
render_0976.png,colocarSoporteSup
render_0977.png,colocarSoporteSup
render_0978.png,colocarSoporteSup
render_0979.png,colocarSoporteSup
render_0980.png,colocarSoporteSup
render_0981.png,colocarSoporteSup
render_0982.png,colocarSoporteSup
render_0983.png,colocarSoporteSup
render_0984.png,colocarSoporteSup
render_0985.png,colocarSoporteSup
render_0986.png,colocarSoporteSup
render_0987.png,colocarSoporteSup
render_0988.png,colocarSoporteSup
render_0989.png,colocarSoporteSup
render_0990.png,colocarSoporteSup
render_0991.png,colocarSoporteSup
render_0992.png,colocarSoporteSup
render_0993.png,colocarSoporteSup
render_0994.png,colocarSoporteSup
render_0995.png,colocarSoporteSup
render_0996.png,colocarSoporteSup
render_0997.png,colocarSoporteSup
render_0998.png,colocarSoporteSup
render_0999.png,colocarSoporteSup
render_1000.png,colocarSoporteSup
render_1001.png,colocarSoporteSup
render_1002.png,colocarSoporteSup
render_1003.png,colocarSoporteSup
render_1004.png,colocarSoporteSup
render_1005.png,colocarSoporteSup
render_1006.png,colocarSoporteSup
render_1007.png,colocarSoporteSup
render_1008.png,colocarSoporteSup
render_1009.png,colocarSoporteSup
render_1010.png,colocarSoporteSup
render_1011.png,colocarSoporteSup
render_1012.png,colocarSoporteSup
render_1013.png,colocarSoporteSup
render_1014.png,colocarSoporteSup
render_1015.png,colocarSoporteSup
render_1016.png,colocarSoporteSup
render_1017.png,colocarSoporteSup
render_1018.png,colocarSoporteSup
render_1019.png,colocarSoporteSup
render_1020.png,colocarSoporteSup
render_1021.png,colocarSoporteSup
render_1022.png,colocarSoporteSup
render_1023.png,colocarSoporteSup
render_1024.png,colocarSoporteSup
render_1025.png,colocarSoporteSup
render_1026.png,colocarSoporteSup
render_1027.png,colocarSoporteSup
render_1028.png,colocarSoporteSup
render_1029.png,colocarSoporteSup
render_1030.png,colocarSoporteSup
render_1031.png,colocarSoporteSup
render_1032.png,colocarSoporteSup
render_1033.png,colocarSoporteSup
render_1034.png,colocarSoporteSup
render_1035.png,colocarSoporteSup
render_1036.png,colocarSoporteSup
render_1037.png,colocarSoporteSup
render_1038.png,colocarSoporteSup
render_1039.png,colocarSoporteSup
render_1040.png,colocarSoporteSup
render_1041.png,colocarSoporteSup
render_1042.png,colocarSoporteSup
render_1043.png,colocarSoporteSup
render_1044.png,colocarSoporteSup
render_1045.png,colocarSoporteSup
render_1046.png,colocarSoporteSup
render_1047.png,colocarSoporteSup
render_1048.png,colocarSoporteSup
render_1049.png,colocarSoporteSup
render_1050.png,colocarSoporteSup
render_1051.png,colocarSoporteSup
render_1052.png,colocarSoporteSup
render_1053.png,colocarSoporteSup
render_1054.png,colocarSoporteSup
render_1055.png,colocarSoporteSup
render_1056.png,colocarSoporteSup
render_1057.png,colocarSoporteSup
render_1058.png,colocarSoporteSup
render_1059.png,colocarSoporteSup
render_1060.png,colocarSoporteSup
render_1061.png,colocarSoporteSup
render_1062.png,colocarSoporteSup
render_1063.png,colocarSoporteSup
render_1064.png,colocarSoporteSup
render_1065.png,colocarSoporteSup
render_1066.png,colocarSoporteSup
render_1067.png,colocarSoporteSup
render_1068.png,colocarSoporteSup
render_1069.png,colocarSoporteSup
render_1070.png,colocarSoporteSup
render_1071.png,colocarSoporteSup
render_1072.png,colocarSoporteSup
render_1073.png,colocarSoporteSup
render_1074.png,colocarSoporteSup
render_1075.png,colocarSoporteSup
render_1076.png,colocarSoporteSup
render_1077.png,colocarSoporteSup
render_1078.png,colocarSoporteSup
render_1079.png,colocarSoporteSup
render_1080.png,colocarSoporteSup
render_1081.png,colocarSoporteSup
render_1082.png,colocarSoporteSup
render_1083.png,colocarSoporteSup
render_1084.png,colocarSoporteSup
render_1085.png,colocarSoporteSup
render_1086.png,colocarSoporteSup
render_1087.png,colocarSoporteSup
render_1088.png,colocarSoporteSup
render_1089.png,colocarSoporteSup
render_1090.png,colocarSoporteSup
render_1091.png,colocarSoporteSup
render_1092.png,colocarSoporteSup
render_1093.png,colocarSoporteSup
render_1094.png,colocarSoporteSup
render_1095.png,colocarSoporteSup
render_1096.png,colocarSoporteSup
render_1097.png,colocarSoporteSup
render_1098.png,colocarSoporteSup
render_1099.png,colocarSoporteSup
render_1100.png,colocarSoporteSup
render_1101.png,colocarSoporteSup
render_1102.png,colocarSoporteSup
render_1103.png,colocarSoporteSup
render_1104.png,colocarSoporteSup
render_1105.png,colocarSoporteSup
render_1106.png,colocarSoporteSup
render_1107.png,colocarSoporteSup
render_1108.png,colocarSoporteSup
render_1109.png,colocarSoporteSup
render_1110.png,colocarSoporteSup
render_1111.png,colocarSoporteSup
render_1112.png,colocarSoporteSup
render_1113.png,colocarSoporteSup
render_1114.png,colocarSoporteSup
render_1115.png,colocarSoporteSup
render_1116.png,colocarSoporteSup
render_1117.png,colocarSoporteSup
render_1118.png,colocarSoporteSup
render_1119.png,colocarSoporteSup
render_1120.png,colocarSoporteSup
render_1121.png,colocarSoporteSup
render_1122.png,colocarSoporteSup
render_1123.png,colocarSoporteSup
render_1124.png,colocarSoporteSup
render_1125.png,colocarSoporteSup
render_1126.png,colocarSoporteSup
render_1127.png,colocarSoporteSup
render_1128.png,colocarSoporteSup
render_1129.png,colocarSoporteSup
render_1130.png,colocarSoporteSup
render_1131.png,colocarSoporteSup
render_1132.png,colocarSoporteSup
render_1133.png,colocarSoporteSup
render_1134.png,colocarSoporteSup
render_1135.png,colocarSoporteSup
render_1136.png,colocarSoporteSup
render_1137.png,colocarSoporteSup
render_1138.png,colocarSoporteSup
render_1139.png,colocarSoporteSup
render_1140.png,colocarSoporteSup
render_1141.png,colocarSoporteSup
render_1142.png,colocarSoporteSup
render_1143.png,colocarSoporteSup
render_1144.png,colocarSoporteSup
render_1145.png,colocarSoporteSup
render_1146.png,colocarSoporteSup
render_1147.png,colocarSoporteSup
render_1148.png,colocarSoporteSup
render_1149.png,colocarSoporteSup
render_1150.png,colocarSoporteSup
render_1151.png,colocarSoporteSup
render_1152.png,colocarSoporteSup
render_1153.png,colocarSoporteSup
render_1154.png,colocarSoporteSup
render_1155.png,colocarSoporteSup
render_1156.png,colocarSoporteSup
render_1157.png,colocarSoporteSup
render_1158.png,colocarSoporteSup
render_1159.png,colocarSoporteSup
render_1160.png,colocarSoporteSup
render_1161.png,colocarSoporteSup
render_1162.png,colocarSoporteSup
render_1163.png,colocarSoporteSup
render_1164.png,colocarSoporteSup
render_1165.png,colocarSoporteSup
render_1166.png,colocarSoporteSup
render_1167.png,colocarSoporteSup
render_1168.png,colocarSoporteSup
render_1169.png,colocarSoporteSup
render_1170.png,colocarSoporteSup
render_1171.png,colocarSoporteSup
render_1172.png,colocarSoporteSup
render_1173.png,colocarSoporteSup
render_1174.png,colocarSoporteSup
render_1175.png,colocarSoporteSup
render_1176.png,colocarSoporteSup
render_1177.png,colocarSoporteSup
render_1178.png,colocarSoporteSup
render_1179.png,colocarSoporteSup
render_1180.png,colocarSoporteSup
render_1181.png,colocarSoporteSup
render_1182.png,colocarSoporteSup
render_1183.png,colocarSoporteSup
render_1184.png,colocarSoporteSup
render_1185.png,colocarSoporteSup
render_1186.png,colocarSoporteSup
render_1187.png,colocarSoporteSup
render_1188.png,colocarSoporteSup
render_1189.png,colocarSoporteSup
render_1190.png,colocarSoporteSup
render_1191.png,colocarSoporteSup
render_1192.png,colocarSoporteSup
render_1193.png,colocarSoporteSup
render_1194.png,colocarSoporteSup
render_1195.png,colocarSoporteSup
render_1196.png,colocarSoporteSup
render_1197.png,colocarSoporteSup
render_1198.png,colocarSoporteSup
render_1199.png,colocarSoporteSup
render_1200.png,colocarSoporteSup
render_1201.png,colocarSoporteSup
render_1202.png,colocarSoporteSup
render_1203.png,colocarSoporteSup
render_1204.png,colocarSoporteSup
render_1205.png,colocarSoporteSup
render_1206.png,colocarSoporteSup
render_1207.png,colocarSoporteSup
render_1208.png,colocarSoporteSup
render_1209.png,colocarSoporteSup
render_1210.png,colocarSoporteSup
render_1211.png,colocarSoporteSup
render_1212.png,colocarSoporteSup
render_1213.png,colocarSoporteSup
render_1214.png,colocarSoporteSup
render_1215.png,colocarSoporteSup
render_1216.png,colocarSoporteSup
render_1217.png,colocarSoporteSup
render_1218.png,colocarSoporteSup
render_1219.png,colocarSoporteSup
render_1220.png,colocarSoporteSup
render_1221.png,colocarSoporteSup
render_1222.png,colocarSoporteSup
render_1223.png,colocarSoporteSup
render_1224.png,colocarSoporteSup
render_1225.png,colocarSoporteSup
render_1226.png,colocarSoporteSup
render_1227.png,colocarSoporteSup
render_1228.png,colocarSoporteSup
render_1229.png,colocarSoporteSup
render_1230.png,colocarSoporteSup
render_1231.png,colocarSoporteSup
render_1232.png,colocarSoporteSup
render_1233.png,colocarSoporteSup
render_1234.png,colocarSoporteSup
render_1235.png,colocarSoporteSup
render_1236.png,colocarSoporteSup
render_1237.png,colocarSoporteSup
render_1238.png,colocarSoporteSup
render_1239.png,colocarSoporteSup
render_1240.png,colocarSoporteSup
render_1241.png,colocarSoporteSup
render_1242.png,colocarSoporteSup
render_1243.png,colocarSoporteSup
render_1244.png,colocarSoporteSup
render_1245.png,colocarSoporteSup
render_1246.png,colocarSoporteSup
render_1247.png,colocarSoporteSup
render_1248.png,colocarSoporteSup
render_1249.png,colocarSoporteSup
render_1250.png,colocarSoporteSup
render_1251.png,colocarSoporteSup
render_1252.png,colocarSoporteSup
render_1253.png,colocarSoporteSup
render_1254.png,colocarSoporteSup
render_1255.png,colocarSoporteSup
render_1256.png,colocarSoporteSup
render_1257.png,colocarSoporteSup
render_1258.png,colocarSoporteSup
render_1259.png,colocarSoporteSup
render_1260.png,colocarSoporteSup
render_1261.png,colocarSoporteSup
render_1262.png,colocarSoporteSup
render_1263.png,colocarSoporteSup
render_1264.png,colocarSoporteSup
render_1265.png,colocarSoporteSup
render_1266.png,colocarSoporteSup
render_1267.png,colocarSoporteSup
render_1268.png,colocarSoporteSup
render_1269.png,colocarSoporteSup
render_1270.png,colocarSoporteSup
render_1271.png,colocarSoporteSup
render_1272.png,colocarSoporteSup
render_1273.png,colocarSoporteSup
render_1274.png,colocarSoporteSup
render_1275.png,colocarSoporteSup
render_1276.png,colocarSoporteSup
render_1277.png,colocarSoporteSup
render_1278.png,colocarSoporteSup
render_1279.png,colocarSoporteSup
render_1280.png,colocarSoporteSup
render_1281.png,colocarSoporteSup
render_1282.png,colocarSoporteSup
render_1283.png,colocarSoporteSup
render_1284.png,colocarSoporteSup
render_1285.png,colocarSoporteSup
render_1286.png,colocarSoporteSup
render_1287.png,colocarSoporteSup
render_1288.png,colocarSoporteSup
render_1289.png,colocarSoporteSup
render_1290.png,colocarSoporteSup
render_1291.png,colocarSoporteSup
render_1292.png,colocarSoporteSup
render_1293.png,colocarSoporteSup
render_1294.png,colocarSoporteSup
render_1295.png,colocarSoporteSup
render_1296.png,colocarSoporteSup
render_1297.png,colocarSoporteSup
render_1298.png,colocarSoporteSup
render_1299.png,colocarSoporteSup
render_1300.png,colocarSoporteSup
render_1301.png,colocarSoporteSup
render_1302.png,colocarSoporteSup
render_1303.png,colocarSoporteSup
render_1304.png,colocarSoporteSup
render_1305.png,colocarSoporteSup
render_1306.png,colocarSoporteSup
render_1307.png,colocarSoporteSup
render_1308.png,colocarSoporteSup
render_1309.png,colocarSoporteSup
render_1310.png,colocarSoporteSup
render_1311.png,colocarSoporteSup
render_1312.png,colocarSoporteSup
render_1313.png,colocarSoporteSup
render_1314.png,colocarSoporteSup
render_1315.png,colocarSoporteSup
render_1316.png,colocarSoporteSup
render_1317.png,colocarSoporteSup
render_1318.png,colocarSoporteSup
render_1319.png,colocarSoporteSup
render_1320.png,colocarSoporteSup
render_1321.png,colocarSoporteSup
render_1322.png,colocarSoporteSup
render_1323.png,colocarSoporteSup
render_1324.png,colocarSoporteSup
render_1325.png,colocarSoporteSup
render_1326.png,colocarSoporteSup
render_1327.png,colocarSoporteSup
render_1328.png,colocarSoporteSup
render_1329.png,colocarSoporteSup
render_1330.png,colocarSoporteSup
render_1331.png,colocarSoporteSup
render_1332.png,colocarSoporteSup
render_1333.png,colocarSoporteSup
render_1334.png,colocarSoporteSup
render_1335.png,colocarSoporteSup
render_1336.png,colocarSoporteSup
render_1337.png,colocarSoporteSup
render_1338.png,colocarSoporteSup
render_1339.png,colocarSoporteSup
render_1340.png,colocarSoporteSup
render_1341.png,colocarSoporteSup
render_1342.png,colocarSoporteSup
render_1343.png,colocarSoporteSup
render_1344.png,colocarSoporteSup
render_1345.png,colocarSoporteSup
render_1346.png,colocarSoporteSup
render_1347.png,colocarSoporteSup
render_1348.png,colocarSoporteSup
render_1349.png,colocarSoporteSup
render_1350.png,colocarSoporteSup
render_1351.png,colocarSoporteSup
render_1352.png,colocarSoporteSup
render_1353.png,colocarSoporteSup
render_1354.png,colocarSoporteSup
render_1355.png,colocarSoporteSup
render_1356.png,colocarSoporteSup
render_1357.png,colocarSoporteSup
render_1358.png,colocarSoporteSup
render_1359.png,colocarSoporteSup
render_1360.png,colocarSoporteSup
render_1361.png,colocarSoporteSup
render_1362.png,colocarSoporteSup
render_1363.png,colocarSoporteSup
render_1364.png,colocarSoporteSup
render_1365.png,colocarSoporteSup
render_1366.png,colocarSoporteSup
render_1367.png,colocarSoporteSup
render_1368.png,colocarSoporteSup
render_1369.png,colocarSoporteSup
render_1370.png,colocarSoporteSup
render_1371.png,colocarSoporteSup
render_1372.png,colocarSoporteSup
render_1373.png,colocarSoporteSup
render_1374.png,colocarSoporteSup
render_1375.png,colocarSoporteSup
render_1376.png,colocarSoporteSup
render_1377.png,colocarSoporteSup
render_1378.png,colocarSoporteSup
render_1379.png,colocarSoporteSup
render_1380.png,colocarSoporteSup
render_1381.png,colocarSoporteSup
render_1382.png,colocarSoporteSup
render_1383.png,colocarSoporteSup
render_1384.png,colocarSoporteSup
render_1385.png,colocarSoporteSup
render_1386.png,colocarSoporteSup
render_1387.png,colocarSoporteSup
render_1388.png,colocarSoporteSup
render_1389.png,colocarSoporteSup
render_1390.png,colocarSoporteSup
render_1391.png,colocarSoporteSup
render_1392.png,colocarSoporteSup
render_1393.png,colocarSoporteSup
render_1394.png,colocarSoporteSup
render_1395.png,colocarSoporteSup
render_1396.png,colocarSoporteSup
render_1397.png,colocarSoporteSup
render_1398.png,colocarSoporteSup
render_1399.png,colocarSoporteSup
render_1400.png,colocarSoporteSup
render_1401.png,colocarSoporteSup
render_1402.png,colocarSoporteSup
render_1403.png,colocarSoporteSup
render_1404.png,colocarSoporteSup
render_1405.png,colocarSoporteSup
render_1406.png,colocarSoporteSup
render_1407.png,colocarSoporteSup
render_1408.png,colocarSoporteSup
render_1409.png,colocarSoporteSup
render_1410.png,colocarSoporteSup
render_1411.png,colocarSoporteSup
render_1412.png,colocarSoporteSup
render_1413.png,colocarSoporteSup
render_1414.png,colocarSoporteSup
render_1415.png,colocarSoporteSup
render_1416.png,colocarSoporteSup
render_1417.png,colocarSoporteSup
render_1418.png,colocarSoporteSup
render_1419.png,colocarSoporteSup
render_1420.png,colocarSoporteSup
render_1421.png,colocarSoporteSup
render_1422.png,colocarSoporteSup
render_1423.png,colocarSoporteSup
render_1424.png,colocarSoporteSup
render_1425.png,colocarSoporteSup
render_1426.png,colocarSoporteSup
render_1427.png,colocarSoporteSup
render_1428.png,colocarSoporteSup
render_1429.png,colocarSoporteSup
render_1430.png,colocarSoporteSup
render_1431.png,colocarSoporteSup
render_1432.png,colocarSoporteSup
render_1433.png,colocarSoporteSup
render_1434.png,colocarSoporteSup
render_1435.png,colocarSoporteSup
render_1436.png,colocarSoporteSup
render_1437.png,colocarSoporteSup
render_1438.png,colocarSoporteSup
render_1439.png,colocarSoporteSup
render_1440.png,colocarSoporteSup
render_1441.png,colocarSoporteSup
render_1442.png,colocarSoporteSup
render_1443.png,colocarSoporteSup
render_1444.png,colocarSoporteSup
render_1445.png,colocarSoporteSup
render_1446.png,colocarSoporteSup
render_1447.png,colocarSoporteSup
render_1448.png,colocarSoporteSup
render_1449.png,colocarSoporteSup
render_1450.png,colocarSoporteSup
render_1451.png,colocarSoporteSup
render_1452.png,colocarSoporteSup
render_1453.png,colocarSoporteSup
render_1454.png,colocarSoporteSup
render_1455.png,colocarSoporteSup
render_1456.png,colocarSoporteSup
render_1457.png,colocarSoporteSup
render_1458.png,colocarSoporteSup
render_1459.png,colocarSoporteSup
render_1460.png,colocarSoporteSup
render_1461.png,colocarSoporteSup
render_1462.png,colocarSoporteSup
render_1463.png,colocarSoporteSup
render_1464.png,colocarSoporteSup
render_1465.png,colocarSoporteSup
render_1466.png,colocarSoporteSup
render_1467.png,colocarSoporteSup
render_1468.png,colocarSoporteSup
render_1469.png,colocarSoporteSup
render_1470.png,colocarSoporteSup
render_1471.png,colocarSoporteSup
render_1472.png,colocarSoporteSup
render_1473.png,colocarSoporteSup
render_1474.png,colocarSoporteSup
render_1475.png,colocarSoporteSup
render_1476.png,colocarSoporteSup
render_1477.png,colocarSoporteSup
render_1478.png,colocarSoporteSup
render_1479.png,colocarSoporteSup
render_1480.png,colocarSoporteSup
render_1481.png,colocarSoporteSup
render_1482.png,colocarSoporteSup
render_1483.png,colocarSoporteSup
render_1484.png,colocarSoporteSup
render_1485.png,colocarSoporteSup
render_1486.png,colocarSoporteSup
render_1487.png,colocarSoporteSup
render_1488.png,colocarSoporteSup
render_1489.png,colocarSoporteSup
render_1490.png,colocarSoporteSup
render_1491.png,colocarSoporteSup
render_1492.png,colocarSoporteSup
render_1493.png,colocarSoporteSup
render_1494.png,colocarSoporteSup
render_1495.png,colocarSoporteSup
render_1496.png,colocarSoporteSup
render_1497.png,colocarSoporteSup
render_1498.png,colocarSoporteSup
render_1499.png,colocarSoporteSup
render_1500.png,colocarSoporteSup
render_1501.png,colocarSoporteSup
render_1502.png,colocarSoporteSup
render_1503.png,colocarSoporteSup
render_1504.png,colocarSoporteSup
render_1505.png,colocarSoporteSup
render_1506.png,colocarSoporteSup
render_1507.png,colocarSoporteSup
render_1508.png,colocarSoporteSup
render_1509.png,colocarSoporteSup
render_1510.png,colocarSoporteSup
render_1511.png,colocarSoporteSup
render_1512.png,colocarSoporteSup
render_1513.png,colocarSoporteSup
render_1514.png,colocarSoporteSup
render_1515.png,colocarSoporteSup
render_1516.png,colocarSoporteSup
render_1517.png,colocarSoporteSup
render_1518.png,colocarSoporteSup
render_1519.png,colocarSoporteSup
render_1520.png,colocarSoporteSup
render_1521.png,colocarSoporteSup
render_1522.png,colocarSoporteSup
render_1523.png,colocarSoporteSup
render_1524.png,colocarSoporteSup
render_1525.png,colocarSoporteSup
render_1526.png,colocarSoporteSup
render_1527.png,colocarSoporteSup
render_1528.png,colocarSoporteSup
render_1529.png,colocarSoporteSup
render_1530.png,colocarSoporteSup
render_1531.png,colocarSoporteSup
render_1532.png,colocarSoporteSup
render_1533.png,colocarSoporteSup
render_1534.png,colocarSoporteSup
render_1535.png,colocarSoporteSup
render_1536.png,colocarSoporteSup
render_1537.png,colocarSoporteSup
render_1538.png,colocarSoporteSup
render_1539.png,colocarSoporteSup
render_1540.png,colocarSoporteSup
render_1541.png,colocarSoporteSup
render_1542.png,colocarSoporteSup
render_1543.png,colocarSoporteSup
render_1544.png,colocarSoporteSup
render_1545.png,colocarSoporteSup
render_1546.png,colocarSoporteSup
render_1547.png,colocarSoporteSup
render_1548.png,colocarSoporteSup
render_1549.png,colocarSoporteSup
render_1550.png,colocarSoporteSup
render_1551.png,colocarSoporteSup
render_1552.png,colocarSoporteSup
render_1553.png,colocarSoporteSup
render_1554.png,colocarSoporteSup
render_1555.png,colocarSoporteSup
render_1556.png,colocarSoporteSup
render_1557.png,colocarSoporteSup
render_1558.png,colocarSoporteSup
render_1559.png,colocarSoporteSup
render_1560.png,colocarSoporteSup
render_1561.png,colocarSoporteSup
render_1562.png,colocarSoporteSup
render_1563.png,colocarSoporteSup
render_1564.png,colocarSoporteSup
render_1565.png,colocarSoporteSup
render_1566.png,colocarSoporteSup
render_1567.png,colocarSoporteSup
render_1568.png,colocarSoporteSup
render_1569.png,colocarSoporteSup
render_1570.png,colocarSoporteSup
render_1571.png,colocarSoporteSup
render_1572.png,colocarSoporteSup
render_1573.png,colocarSoporteSup
render_1574.png,colocarSoporteSup
render_1575.png,colocarSoporteSup
render_1576.png,colocarSoporteSup
render_1577.png,colocarSoporteSup
render_1578.png,colocarSoporteSup
render_1579.png,colocarSoporteSup
render_1580.png,colocarSoporteSup
render_1581.png,colocarSoporteSup
render_1582.png,colocarSoporteSup
render_1583.png,colocarSoporteSup
render_1584.png,colocarSoporteSup
render_1585.png,colocarSoporteSup
render_1586.png,colocarSoporteSup
render_1587.png,colocarSoporteSup
render_1588.png,colocarSoporteSup
render_1589.png,colocarSoporteSup
render_1590.png,colocarSoporteSup
render_1591.png,colocarSoporteSup
render_1592.png,colocarSoporteSup
render_1593.png,colocarSoporteSup
render_1594.png,colocarSoporteSup
render_1595.png,colocarSoporteSup
render_1596.png,colocarSoporteSup
render_1597.png,colocarSoporteSup
render_1598.png,colocarSoporteSup
render_1599.png,colocarSoporteSup
render_1600.png,colocarSoporteSup
render_1601.png,colocarSoporteSup
render_1602.png,colocarSoporteSup
render_1603.png,colocarSoporteSup
render_1604.png,colocarSoporteSup
render_1605.png,colocarSoporteSup
render_1606.png,colocarSoporteSup
render_1607.png,colocarSoporteSup
render_1608.png,colocarSoporteSup
render_1609.png,colocarSoporteSup
render_1610.png,colocarSoporteSup
render_1611.png,colocarSoporteSup
render_1612.png,colocarSoporteSup
render_1613.png,colocarSoporteSup
render_1614.png,colocarSoporteSup
render_1615.png,colocarSoporteSup
render_1616.png,colocarSoporteSup
render_1617.png,colocarSoporteSup
render_1618.png,colocarSoporteSup
render_1619.png,colocarSoporteSup
render_1620.png,colocarSoporteSup
render_1621.png,colocarSoporteSup
render_1622.png,colocarSoporteSup
render_1623.png,colocarSoporteSup
render_1624.png,colocarSoporteSup
render_1625.png,colocarSoporteSup
render_1626.png,colocarSoporteSup
render_1627.png,colocarSoporteSup
render_1628.png,colocarSoporteSup
render_1629.png,colocarSoporteSup
render_1630.png,colocarSoporteSup
render_1631.png,colocarSoporteSup
render_1632.png,colocarSoporteSup
render_1633.png,colocarSoporteSup
render_1634.png,colocarSoporteSup
render_1635.png,colocarSoporteSup
render_1636.png,colocarSoporteSup
render_1637.png,colocarSoporteSup
render_1638.png,colocarSoporteSup
render_1639.png,colocarSoporteSup
render_1640.png,colocarSoporteSup
render_1641.png,colocarSoporteSup
render_1642.png,colocarSoporteSup
render_1643.png,colocarSoporteSup
render_1644.png,colocarSoporteSup
render_1645.png,colocarSoporteSup
render_1646.png,colocarSoporteSup
render_1647.png,colocarSoporteSup
render_1648.png,colocarSoporteSup
render_1649.png,colocarSoporteSup
render_1650.png,colocarSoporteSup
render_1651.png,colocarSoporteSup
render_1652.png,colocarSoporteSup
render_1653.png,colocarSoporteSup
render_1654.png,colocarSoporteSup
render_1655.png,colocarSoporteSup
render_1656.png,colocarSoporteSup
render_1657.png,colocarSoporteSup
render_1658.png,colocarSoporteSup
render_1659.png,colocarSoporteSup
render_1660.png,colocarSoporteSup
render_1661.png,colocarSoporteSup
render_1662.png,colocarSoporteSup
render_1663.png,colocarSoporteSup
render_1664.png,colocarSoporteSup
render_1665.png,colocarSoporteSup
render_1666.png,colocarSoporteSup
render_1667.png,colocarSoporteSup
render_1668.png,colocarSoporteSup
render_1669.png,colocarSoporteSup
render_1670.png,colocarSoporteSup
render_1671.png,colocarSoporteSup
render_1672.png,colocarSoporteSup
render_1673.png,colocarSoporteSup
render_1674.png,colocarSoporteSup
render_1675.png,colocarSoporteSup
render_1676.png,colocarSoporteSup
render_1677.png,colocarSoporteSup
render_1678.png,colocarSoporteSup
render_1679.png,colocarSoporteSup
render_1680.png,colocarSoporteSup
render_1681.png,colocarSoporteSup
render_1682.png,colocarSoporteSup
render_1683.png,colocarSoporteSup
render_1684.png,colocarSoporteSup
render_1685.png,colocarSoporteSup
render_1686.png,colocarSoporteSup
render_1687.png,colocarSoporteSup
render_1688.png,colocarSoporteSup
render_1689.png,colocarSoporteSup
render_1690.png,colocarSoporteSup
render_1691.png,colocarSoporteSup
render_1692.png,colocarSoporteSup
render_1693.png,colocarSoporteSup
render_1694.png,colocarSoporteSup
render_1695.png,colocarSoporteSup
render_1696.png,colocarSoporteSup
render_1697.png,colocarSoporteSup
render_1698.png,colocarSoporteSup
render_1699.png,colocarSoporteSup
render_1700.png,colocarSoporteSup
render_1701.png,colocarSoporteSup
render_1702.png,colocarSoporteSup
render_1703.png,colocarSoporteSup
render_1704.png,colocarSoporteSup
render_1705.png,colocarSoporteSup
render_1706.png,colocarSoporteSup
render_1707.png,colocarSoporteSup
render_1708.png,colocarSoporteSup
render_1709.png,colocarSoporteSup
render_1710.png,colocarSoporteSup
render_1711.png,colocarSoporteSup
render_1712.png,colocarSoporteSup
render_1713.png,colocarSoporteSup
render_1714.png,colocarSoporteSup
render_1715.png,colocarSoporteSup
render_1716.png,colocarSoporteSup
render_1717.png,colocarSoporteSup
render_1718.png,colocarSoporteSup
render_1719.png,colocarSoporteSup
render_1720.png,colocarSoporteSup
render_1721.png,colocarSoporteSup
render_1722.png,colocarSoporteSup
render_1723.png,colocarSoporteSup
render_1724.png,colocarSoporteSup
render_1725.png,colocarSoporteSup
render_1726.png,colocarSoporteSup
render_1727.png,colocarSoporteSup
render_1728.png,colocarSoporteSup
render_1729.png,colocarSoporteSup
render_1730.png,colocarSoporteSup
render_1731.png,colocarSoporteSup
render_1732.png,colocarSoporteSup
render_1733.png,colocarSoporteSup
render_1734.png,colocarSoporteSup
render_1735.png,colocarSoporteSup
render_1736.png,colocarSoporteSup
render_1737.png,colocarSoporteSup
render_1738.png,colocarSoporteSup
render_1739.png,colocarSoporteSup
render_1740.png,colocarSoporteSup
render_1741.png,colocarSoporteSup
render_1742.png,colocarSoporteSup
render_1743.png,colocarSoporteSup
render_1744.png,colocarSoporteSup
render_1745.png,colocarSoporteSup
render_1746.png,colocarSoporteSup
render_1747.png,colocarSoporteSup
render_1748.png,colocarSoporteSup
render_1749.png,colocarSoporteSup
render_1750.png,colocarSoporteSup
render_1751.png,colocarSoporteSup
render_1752.png,colocarSoporteSup
render_1753.png,colocarSoporteSup
render_1754.png,colocarSoporteSup
render_1755.png,colocarSoporteSup
render_1756.png,colocarSoporteSup
render_1757.png,colocarSoporteSup
render_1758.png,colocarSoporteSup
render_1759.png,colocarSoporteSup
render_1760.png,colocarSoporteSup
render_1761.png,colocarSoporteSup
render_1762.png,colocarSoporteSup
render_1763.png,colocarSoporteSup
render_1764.png,colocarSoporteSup
render_1765.png,colocarSoporteSup
render_1766.png,colocarSoporteSup
render_1767.png,colocarSoporteSup
render_1768.png,colocarSoporteSup
render_1769.png,colocarSoporteSup
render_1770.png,colocarSoporteSup
render_1771.png,colocarSoporteSup
render_1772.png,colocarSoporteSup
render_1773.png,colocarSoporteSup
render_1774.png,colocarSoporteSup
render_1775.png,colocarSoporteSup
render_1776.png,colocarSoporteSup
render_1777.png,colocarSoporteSup
render_1778.png,colocarSoporteSup
render_1779.png,colocarSoporteSup
render_1780.png,colocarSoporteSup
render_1781.png,colocarSoporteSup
render_1782.png,colocarSoporteSup
render_1783.png,colocarSoporteSup
render_1784.png,colocarSoporteSup
render_1785.png,colocarSoporteSup
render_1786.png,colocarSoporteSup
render_1787.png,colocarSoporteSup
render_1788.png,colocarSoporteSup
render_1789.png,colocarSoporteSup
render_1790.png,colocarSoporteSup
render_1791.png,colocarSoporteSup
render_1792.png,colocarSoporteSup
render_1793.png,colocarSoporteSup
render_1794.png,colocarSoporteSup
render_1795.png,colocarSoporteSup
render_1796.png,colocarSoporteSup
render_1797.png,colocarSoporteSup
render_1798.png,colocarSoporteSup
render_1799.png,colocarSoporteSup
render_1800.png,colocarSoporteSup
render_1801.png,colocarSoporteSup
render_1802.png,colocarSoporteSup
render_1803.png,colocarSoporteSup
render_1804.png,colocarSoporteSup
render_1805.png,colocarSoporteSup
render_1806.png,colocarSoporteSup
render_1807.png,colocarSoporteSup
render_1808.png,colocarSoporteSup
render_1809.png,colocarSoporteSup
render_1810.png,colocarSoporteSup
render_1811.png,colocarSoporteSup
render_1812.png,colocarSoporteSup
render_1813.png,colocarSoporteSup
render_1814.png,colocarSoporteSup
render_1815.png,colocarSoporteSup
render_1816.png,colocarSoporteSup
render_1817.png,colocarSoporteSup
render_1818.png,colocarSoporteSup
render_1819.png,colocarSoporteSup
render_1820.png,colocarSoporteSup
render_1821.png,colocarSoporteSup
render_1822.png,colocarSoporteSup
render_1823.png,colocarSoporteSup
render_1824.png,colocarSoporteSup
render_1825.png,colocarSoporteSup
render_1826.png,colocarSoporteSup
render_1827.png,colocarSoporteSup
render_1828.png,colocarSoporteSup
render_1829.png,colocarSoporteSup
render_1830.png,colocarSoporteSup
render_1831.png,colocarSoporteSup
render_1832.png,colocarSoporteSup
render_1833.png,colocarSoporteSup
render_1834.png,colocarSoporteSup
render_1835.png,colocarSoporteSup
render_1836.png,colocarSoporteSup
render_1837.png,colocarSoporteSup
render_1838.png,colocarSoporteSup
render_1839.png,colocarSoporteSup
render_1840.png,colocarSoporteSup
render_1841.png,colocarSoporteSup
render_1842.png,colocarSoporteSup
render_1843.png,colocarSoporteSup
render_1844.png,colocarSoporteSup
render_1845.png,colocarSoporteSup
render_1846.png,colocarSoporteSup
render_1847.png,colocarSoporteSup
render_1848.png,colocarSoporteSup
render_1849.png,colocarSoporteSup
render_1850.png,colocarSoporteSup
render_1851.png,colocarSoporteSup
render_1852.png,colocarSoporteSup
render_1853.png,colocarSoporteSup
render_1854.png,colocarSoporteSup
render_1855.png,colocarSoporteSup
render_1856.png,colocarSoporteSup
render_1857.png,colocarSoporteSup
render_1858.png,colocarSoporteSup
render_1859.png,colocarSoporteSup
render_1860.png,colocarSoporteSup
render_1861.png,colocarSoporteSup
render_1862.png,colocarSoporteSup
render_1863.png,colocarSoporteSup
render_1864.png,colocarSoporteSup
render_1865.png,colocarSoporteSup
render_1866.png,colocarSoporteSup
render_1867.png,colocarSoporteSup
render_1868.png,colocarSoporteSup
render_1869.png,colocarSoporteSup
render_1870.png,colocarSoporteSup
render_1871.png,colocarSoporteSup
render_1872.png,colocarSoporteSup
render_1873.png,colocarSoporteSup
render_1874.png,colocarSoporteSup
render_1875.png,colocarSoporteSup
render_1876.png,colocarSoporteSup
render_1877.png,colocarSoporteSup
render_1878.png,colocarSoporteSup
render_1879.png,colocarSoporteSup
render_1880.png,colocarSoporteSup
render_1881.png,colocarSoporteSup
render_1882.png,colocarSoporteSup
render_1883.png,colocarSoporteSup
render_1884.png,colocarSoporteSup
render_1885.png,colocarSoporteSup
render_1886.png,colocarSoporteSup
render_1887.png,colocarSoporteSup
render_1888.png,colocarSoporteSup
render_1889.png,colocarSoporteSup
render_1890.png,colocarSoporteSup
render_1891.png,colocarSoporteSup
render_1892.png,colocarSoporteSup
render_1893.png,colocarSoporteSup
render_1894.png,colocarSoporteSup
render_1895.png,colocarSoporteSup
render_1896.png,colocarSoporteSup
render_1897.png,colocarSoporteSup
render_1898.png,colocarSoporteSup
render_1899.png,colocarSoporteSup
render_1900.png,colocarSoporteSup
render_1901.png,colocarSoporteSup
render_1902.png,colocarSoporteSup
render_1903.png,colocarSoporteSup
render_1904.png,colocarSoporteSup
render_1905.png,colocarSoporteSup
render_1906.png,colocarSoporteSup
render_1907.png,colocarSoporteSup
render_1908.png,colocarSoporteSup
render_1909.png,colocarSoporteSup
render_1910.png,colocarSoporteSup
render_1911.png,colocarSoporteSup
render_1912.png,colocarSoporteSup
render_1913.png,colocarSoporteSup
render_1914.png,colocarSoporteSup
render_1915.png,colocarSoporteSup
render_1916.png,colocarSoporteSup
render_1917.png,colocarSoporteSup
render_1918.png,colocarSoporteSup
render_1919.png,colocarSoporteSup
render_1920.png,colocarSoporteSup
render_1921.png,colocarSoporteSup
render_1922.png,colocarSoporteSup
render_1923.png,colocarSoporteSup
render_1924.png,colocarSoporteSup
render_1925.png,colocarSoporteSup
render_1926.png,colocarSoporteSup
render_1927.png,colocarSoporteSup
render_1928.png,colocarSoporteSup
render_1929.png,colocarSoporteSup
render_1930.png,colocarSoporteSup
render_1931.png,colocarSoporteSup
render_1932.png,colocarSoporteSup
render_1933.png,colocarSoporteSup
render_1934.png,colocarSoporteSup
render_1935.png,colocarSoporteSup
render_1936.png,colocarSoporteSup
render_1937.png,colocarSoporteSup
render_1938.png,colocarSoporteSup
render_1939.png,colocarSoporteSup
render_1940.png,colocarSoporteSup
render_1941.png,colocarSoporteSup
render_1942.png,colocarSoporteSup
render_1943.png,colocarSoporteSup
render_1944.png,colocarSoporteSup
render_1945.png,colocarSoporteSup
render_1946.png,colocarSoporteSup
render_1947.png,colocarSoporteSup
render_1948.png,colocarSoporteSup
render_1949.png,colocarSoporteSup
render_1950.png,colocarSoporteSup
render_1951.png,colocarSoporteSup
render_1952.png,colocarSoporteSup
render_1953.png,colocarSoporteSup
render_1954.png,colocarSoporteSup
render_1955.png,colocarSoporteSup
render_1956.png,colocarSoporteSup
render_1957.png,colocarSoporteSup
render_1958.png,colocarSoporteSup
render_1959.png,colocarSoporteSup
render_1960.png,colocarSoporteSup
render_1961.png,colocarSoporteSup
render_1962.png,colocarSoporteSup
render_1963.png,colocarSoporteSup
render_1964.png,colocarSoporteSup
render_1965.png,colocarSoporteSup
render_1966.png,colocarSoporteSup
render_1967.png,colocarSoporteSup
render_1968.png,colocarSoporteSup
render_1969.png,colocarSoporteSup
render_1970.png,colocarSoporteSup
render_1971.png,colocarSoporteSup
render_1972.png,colocarSoporteSup
render_1973.png,colocarSoporteSup
render_1974.png,colocarSoporteSup
render_1975.png,colocarSoporteSup
render_1976.png,colocarSoporteSup
render_1977.png,colocarSoporteSup
render_1978.png,colocarSoporteSup
render_1979.png,colocarSoporteSup
render_1980.png,colocarSoporteSup
render_1981.png,colocarSoporteSup
render_1982.png,colocarSoporteSup
render_1983.png,colocarSoporteSup
render_1984.png,colocarSoporteSup
render_1985.png,colocarSoporteSup
render_1986.png,colocarSoporteSup
render_1987.png,colocarSoporteSup
render_1988.png,colocarSoporteSup
render_1989.png,colocarSoporteSup
render_1990.png,colocarSoporteSup
render_1991.png,colocarSoporteSup
render_1992.png,colocarSoporteSup
render_1993.png,colocarSoporteSup
render_1994.png,colocarSoporteSup
render_1995.png,colocarSoporteSup
render_1996.png,colocarSoporteSup
render_1997.png,colocarSoporteSup
render_1998.png,colocarSoporteSup
render_1999.png,colocarSoporteSup
render_2000.png,colocarSoporteSup

